{
  "calibration": {
    "0": {
      "camera_matrix": [
        [
          831.2726684393222,
          0.0,
          948.919576381958
        ],
        [
          0.0,
          834.2726126908442,
          541.0700603260287
        ],
        [
          0.0,
          0.0,
          1.0
        ]
      ],
      "dist_coeffs": [
        [
          -0.08473814300699753,
          0.1313795126339675,
          -0.003029429566101744,
          0.0022906649094532995,
          -0.07121417991519478
        ]
      ]
    },
    "1": {
      "camera_matrix": [
        [
          797.2571578732135,
          0.0,
          954.8030366087279
        ],
        [
          0.0,
          793.8110644177384,
          543.5297166148424
        ],
        [
          0.0,
          0.0,
          1.0
        ]
      ],
      "dist_coeffs": [
        [
          -0.10049517791847759,
          0.1563243778244983,
          -0.0008745706691957241,
          -0.001993011993779387,
          -0.07564640250493453
        ]
      ]
    }
  }
}